Date,Away_Team,Home_Team,Strike,Result,Is_Home_Arena,Last_Price,Volume
"Jan 31, 2026",,,Airball / Air Ball,no,no,1,1293
"Jan 31, 2026",,,All-Star,yes,no,99,9624
"Jan 31, 2026",,,Ankle,no,no,1,1433
"Jan 31, 2026",,,Buzzer,no,no,1,8197
"Jan 31, 2026",,,Elbow,yes,no,99,21197
"Jan 31, 2026",,,Injury / Injured,yes,no,99,5634
"Jan 31, 2026",,,Jordan,no,no,1,751
"Jan 31, 2026",,,MVP,no,no,1,484
"Jan 31, 2026",,,Playoff,no,no,1,1120
"Jan 31, 2026",,,Retire / Retired / Retirement,no,no,1,2194
"Jan 31, 2026",,,Spectrum,yes,yes,99,7128
"Jan 31, 2026",,,Tech / Technical,yes,no,99,2191
"Jan 31, 2026",,,Trade / Trades / Traded,no,no,1,1335
"Jan 31, 2026",,,Triple Double,yes,no,99,12762
"Jan 31, 2026",,,Airball / Air Ball,yes,no,99,11936
"Jan 31, 2026",,,All-Star,yes,no,99,6056
"Jan 31, 2026",,,Alley-oop,no,no,1,4831
"Jan 31, 2026",,,Ankle,yes,no,99,6108
"Jan 31, 2026",,,Buzzer,yes,no,99,14123
"Jan 31, 2026",,,Elbow,yes,no,99,5034
"Jan 31, 2026",,,Injury / Injured,yes,no,99,5501
"Jan 31, 2026",,,Jordan,no,no,1,4673
"Jan 31, 2026",,,MVP,no,no,1,2983
"Jan 31, 2026",,,Playoff,yes,no,99,4584
"Jan 31, 2026",,,Retire / Retired / Retirement,no,no,1,7571
"Jan 31, 2026",,,Tech / Technical,no,no,1,1991
"Jan 31, 2026",,,Toyota,yes,yes,99,6385
"Jan 31, 2026",,,Trade / Trades / Traded,yes,no,99,3363
"Jan 31, 2026",,,Triple Double,no,no,1,3380
"Jan 30, 2026",,,Airball / Air Ball,no,no,1,7226
"Jan 30, 2026",,,All-Star,yes,no,99,4775
"Jan 30, 2026",,,Alley-oop,yes,no,99,12152
"Jan 30, 2026",,,Ankle,no,no,1,8054
"Jan 30, 2026",,,Buzzer,yes,no,99,16637
"Jan 30, 2026",,,Elbow,yes,no,99,14005
"Jan 30, 2026",,,Injury / Injured,yes,no,99,13393
"Jan 30, 2026",,,Jordan,no,no,1,1858
"Jan 30, 2026",,,Kia,yes,yes,99,8432
"Jan 30, 2026",,,MVP,no,no,1,3835
"Jan 30, 2026",,,Playoff,yes,no,99,5562
"Jan 30, 2026",,,Retire / Retired / Retirement,no,no,1,6665
"Jan 30, 2026",,,Tech / Technical,yes,no,99,7222
"Jan 30, 2026",,,Trade / Trades / Traded,yes,no,99,7185
"Jan 30, 2026",,,Triple Double,no,no,1,5630
"Jan 30, 2026",,,Airball / Air Ball,no,no,1,5636
"Jan 30, 2026",,,All-Star,yes,no,99,10471
"Jan 30, 2026",,,Alley-oop,no,no,1,9173
"Jan 30, 2026",,,Ankle,no,no,1,2560
"Jan 30, 2026",,,Buzzer,no,no,1,35778
"Jan 30, 2026",,,Chase,no,yes,1,15475
"Jan 30, 2026",,,Elbow,no,no,1,8112
"Jan 30, 2026",,,Injury / Injured,yes,no,99,9619
"Jan 30, 2026",,,Jordan,no,no,1,4583
"Jan 30, 2026",,,MVP,no,no,1,4327
"Jan 30, 2026",,,Playoff,yes,no,99,12170
"Jan 30, 2026",,,Retire / Retired / Retirement,no,no,1,8930
"Jan 30, 2026",,,Tech / Technical,yes,no,99,17268
"Jan 30, 2026",,,Trade / Trades / Traded,yes,no,99,9761
"Jan 30, 2026",,,Triple Double,no,no,1,7096
"Jan 29, 2026",,,Airball / Air Ball,yes,no,99,13511
"Jan 29, 2026",,,All-Star,yes,no,99,7086
"Jan 29, 2026",,,Alley-oop,no,no,1,20634
"Jan 29, 2026",,,Ankle,no,no,1,2866
"Jan 29, 2026",,,Buzzer,yes,no,99,19936
"Jan 29, 2026",,,Elbow,yes,no,99,15491
"Jan 29, 2026",,,Injury / Injured,yes,no,99,10667
"Jan 29, 2026",,,Jordan,yes,no,99,6483
"Jan 29, 2026",,,MVP,yes,no,99,6218
"Jan 29, 2026",,,Playoff,yes,no,99,6527
"Jan 29, 2026",,,Retire / Retired / Retirement,no,no,1,9088
"Jan 29, 2026",,,Target,yes,yes,99,14808
"Jan 29, 2026",,,Tech / Technical,yes,no,99,3838
"Jan 29, 2026",,,Trade / Trades / Traded,yes,no,99,9484
"Jan 29, 2026",,,Triple Double,no,no,1,7526
"Jan 29, 2026",,,Airball / Air Ball,no,no,1,9255
"Jan 29, 2026",,,All-Star,yes,no,99,6587
"Jan 29, 2026",,,Alley-oop,no,no,1,10761
"Jan 29, 2026",,,Ankle,yes,no,99,5602
"Jan 29, 2026",,,Buzzer,no,no,1,15002
"Jan 29, 2026",,,Capital One,yes,yes,99,12576
"Jan 29, 2026",,,Elbow,no,no,1,5263
"Jan 29, 2026",,,Injury / Injured,yes,no,99,13812
"Jan 29, 2026",,,Jordan,no,no,1,3509
"Jan 29, 2026",,,MVP,no,no,1,5976
"Jan 29, 2026",,,Playoff,yes,no,99,7680
"Jan 29, 2026",,,Retire / Retired / Retirement,no,no,1,15479
"Jan 29, 2026",,,Tech / Technical,yes,no,99,9512
"Jan 29, 2026",,,Trade / Trades / Traded,yes,no,99,10541
"Jan 29, 2026",,,Triple Double,no,no,1,3962
"Jan 28, 2026",,,Airball / Air Ball,no,no,1,21479
"Jan 28, 2026",,,All-Star,yes,no,99,9059
"Jan 28, 2026",,,Alley-oop,yes,no,99,24493
"Jan 28, 2026",,,Ankle,yes,no,99,5297
"Jan 28, 2026",,,Buzzer,no,no,1,60446
"Jan 28, 2026",,,Elbow,yes,no,99,13050
"Jan 28, 2026",,,Injury / Injured,yes,no,99,9433
"Jan 28, 2026",,,Jordan,yes,no,99,28242
"Jan 28, 2026",,,MVP,no,no,1,37432
"Jan 28, 2026",,,Playoff,yes,no,99,4764
"Jan 28, 2026",,,Retire / Retired / Retirement,no,no,1,19098
"Jan 28, 2026",,,Tech / Technical,yes,no,99,5809
"Jan 28, 2026",,,Toyota,no,yes,1,52418
"Jan 28, 2026",,,Trade / Trades / Traded,yes,no,99,6623
"Jan 28, 2026",,,Triple Double,no,no,1,12693
"Jan 28, 2026",,,Airball / Air Ball,no,no,1,6756
"Jan 28, 2026",,,All-Star,yes,no,99,12439
"Jan 28, 2026",,,Alley-oop,no,no,1,22042
"Jan 28, 2026",,,Ankle,yes,no,99,13669
"Jan 28, 2026",,,Buzzer,no,no,1,39859
"Jan 28, 2026",,,Elbow,yes,no,99,7480
"Jan 28, 2026",,,Injury / Injured,yes,no,99,11974
"Jan 28, 2026",,,Jordan,yes,no,99,6265
"Jan 28, 2026",,,MVP,yes,no,99,3155
"Jan 28, 2026",,,Playoff,yes,no,99,3641
"Jan 28, 2026",,,Retire / Retired / Retirement,no,no,1,18942
"Jan 28, 2026",,,Rocket,yes,yes,99,18020
"Jan 28, 2026",,,Tech / Technical,yes,no,99,4948
"Jan 28, 2026",,,Trade / Trades / Traded,yes,no,99,109647
"Jan 28, 2026",,,Triple Double,no,no,1,15253
"Jan 27, 2026",,,Airball / Air Ball,no,no,1,4353
"Jan 27, 2026",,,All-Star,yes,no,99,5519
"Jan 27, 2026",,,Alley-oop,yes,no,99,10233
"Jan 27, 2026",,,Ankle,yes,no,99,4591
"Jan 27, 2026",,,Buzzer,yes,no,99,17062
"Jan 27, 2026",,,Elbow,yes,no,99,6662
"Jan 27, 2026",,,Injury / Injured,yes,no,99,8559
"Jan 27, 2026",,,Jordan,no,no,1,3505
"Jan 27, 2026",,,MVP,yes,no,99,4113
"Jan 27, 2026",,,Playoff,yes,no,99,6102
"Jan 27, 2026",,,Retire / Retired / Retirement,no,no,1,4818
"Jan 27, 2026",,,Tech / Technical,yes,no,99,8019
"Jan 27, 2026",,,Trade / Trades / Traded,no,no,1,7382
"Jan 27, 2026",,,Triple Double,yes,no,99,9914
"Jan 27, 2026",,,Xfinity,yes,yes,99,5327
"Jan 27, 2026",,,Airball / Air Ball,no,no,1,8945
"Jan 27, 2026",,,All-Star,yes,no,99,4429
"Jan 27, 2026",,,Alley-oop,no,no,1,12612
"Jan 27, 2026",,,Ankle,no,no,1,8500
"Jan 27, 2026",,,Buzzer,yes,no,99,9457
"Jan 27, 2026",,,Delta,yes,yes,99,12034
"Jan 27, 2026",,,Elbow,yes,no,99,12198
"Jan 27, 2026",,,Injury / Injured,no,no,1,25434
"Jan 27, 2026",,,Jordan,yes,no,99,17684
"Jan 27, 2026",,,MVP,yes,no,99,6873
"Jan 27, 2026",,,Playoff,yes,no,99,5912
"Jan 27, 2026",,,Retire / Retired / Retirement,no,no,1,7467
"Jan 27, 2026",,,Tech / Technical,no,no,1,20256
"Jan 27, 2026",,,Trade / Trades / Traded,no,no,1,8662
"Jan 27, 2026",,,Triple Double,yes,no,99,9868
"Jan 26, 2026",,,Airball / Air Ball,no,no,1,14987
"Jan 26, 2026",,,All-Star,yes,no,99,7088
"Jan 26, 2026",,,Alley-oop,yes,no,99,11809
"Jan 26, 2026",,,Ankle,no,no,1,9689
"Jan 26, 2026",,,Buzzer,yes,no,99,25201
"Jan 26, 2026",,,Elbow,yes,no,94,8538
"Jan 26, 2026",,,Injury / Injured,yes,no,99,8252
"Jan 26, 2026",,,Jordan,yes,no,99,16590
"Jan 26, 2026",,,MVP,yes,no,99,6426
"Jan 26, 2026",,,Playoff,yes,no,99,2879
"Jan 26, 2026",,,Retire / Retired / Retirement,yes,no,99,16633
"Jan 26, 2026",,,TD Garden,yes,yes,99,9373
"Jan 26, 2026",,,Tech / Technical,yes,no,99,4009
"Jan 26, 2026",,,Trade / Trades / Traded,yes,no,99,6544
"Jan 26, 2026",,,Triple Double,yes,no,99,12143
"Jan 26, 2026",,,Airball / Air Ball,no,no,1,18209
"Jan 26, 2026",,,All-Star,yes,no,99,5341
"Jan 26, 2026",,,Alley-oop,yes,no,99,30928
"Jan 26, 2026",,,Ankle,yes,no,99,10883
"Jan 26, 2026",,,Buzzer,yes,no,99,30870
"Jan 26, 2026",,,Elbow,no,no,1,15566
"Jan 26, 2026",,,Injury / Injured,yes,no,99,13745
"Jan 26, 2026",,,Jordan,yes,no,99,31275
"Jan 26, 2026",,,MVP,no,no,2,29770
"Jan 26, 2026",,,Playoff,yes,no,99,8356
"Jan 26, 2026",,,Retire / Retired / Retirement,no,no,1,13099
"Jan 26, 2026",,,Rocket,yes,yes,99,25591
"Jan 26, 2026",,,Tech / Technical,yes,no,99,6678
"Jan 26, 2026",,,Trade / Trades / Traded,yes,no,99,5435
"Jan 26, 2026",,,Triple Double,no,no,1,18328
"Jan 26, 2026",,,Airball / Air Ball,no,no,1,15070
"Jan 26, 2026",,,All-Star,yes,no,99,12545
"Jan 26, 2026",,,Alley-oop,no,no,1,31850
"Jan 26, 2026",,,Ankle,no,no,1,8747
"Jan 26, 2026",,,Buzzer,no,no,1,73540
"Jan 26, 2026",,,Elbow,yes,no,99,23915
"Jan 26, 2026",,,Injury / Injured,yes,no,99,31513
"Jan 26, 2026",,,Jordan,no,no,1,14835
"Jan 26, 2026",,,MVP,no,no,1,19013
"Jan 26, 2026",,,Playoff,yes,no,99,5533
"Jan 26, 2026",,,Retire / Retired / Retirement,no,no,1,48402
"Jan 26, 2026",,,Target,yes,yes,99,19955
"Jan 26, 2026",,,Tech / Technical,no,no,1,27671
"Jan 26, 2026",,,Trade / Trades / Traded,no,no,1,13095
"Jan 26, 2026",,,Triple Double,no,no,1,10660
"Jan 25, 2026",,,Airball / Air Ball,yes,no,80,80465
"Jan 25, 2026",,,All-Star,yes,no,99,2751
"Jan 25, 2026",,,Alley-oop,yes,no,99,5966
"Jan 25, 2026",,,Ankle,yes,no,99,7654
"Jan 25, 2026",,,Buzzer,no,no,1,19375
"Jan 25, 2026",,,Elbow,yes,no,99,3897
"Jan 25, 2026",,,Injury / Injured,yes,no,99,5820
"Jan 25, 2026",,,Jordan,no,no,1,3463
"Jan 25, 2026",,,MVP,yes,no,99,3132
"Jan 25, 2026",,,Paycom,yes,yes,99,8810
"Jan 25, 2026",,,Playoff,no,no,2,10910
"Jan 25, 2026",,,Retire / Retired / Retirement,no,no,2,7877
"Jan 25, 2026",,,Tech / Technical,yes,no,99,13075
"Jan 25, 2026",,,Trade / Trades / Traded,yes,no,99,2964
"Jan 25, 2026",,,Triple Double,no,no,1,3885
"Jan 25, 2026",,,Airball / Air Ball,no,no,2,36483
"Jan 25, 2026",,,All-Star,no,no,1,49971
"Jan 25, 2026",,,Alley-oop,no,no,2,42557
"Jan 25, 2026",,,Ankle,no,no,2,37682
"Jan 25, 2026",,,Buzzer,no,no,2,151002
"Jan 25, 2026",,,Elbow,no,no,2,47603
"Jan 25, 2026",,,FedExForum / FedEx,no,yes,2,90971
"Jan 25, 2026",,,Injury / Injured,no,no,2,230918
"Jan 25, 2026",,,Jordan,no,no,2,48472
"Jan 25, 2026",,,MVP,no,no,2,44199
"Jan 25, 2026",,,Playoff,no,no,2,91739
"Jan 25, 2026",,,Retire / Retired / Retirement,no,no,2,26504
"Jan 25, 2026",,,Tech / Technical,no,no,2,103835
"Jan 25, 2026",,,Trade / Trades / Traded,no,no,1,58919
"Jan 25, 2026",,,Triple Double,no,no,2,28511
"Jan 24, 2026",,,Airball / Air Ball,no,no,1,12002
"Jan 24, 2026",,,All-Star,yes,no,99,8303
"Jan 24, 2026",,,Alley-oop,no,no,1,19107
"Jan 24, 2026",,,Ankle,no,no,1,8156
"Jan 24, 2026",,,Buzzer,no,no,1,34091
"Jan 24, 2026",,,Elbow,yes,no,99,10196
"Jan 24, 2026",,,Injury / Injured,yes,no,99,13160
"Jan 24, 2026",,,Jordan,no,no,1,17075
"Jan 24, 2026",,,MVP,no,no,1,11256
"Jan 24, 2026",,,Playoff,no,no,1,14243
"Jan 24, 2026",,,Retire / Retired / Retirement,no,no,1,7496
"Jan 24, 2026",,,Tech / Technical,no,no,1,12562
"Jan 24, 2026",,,Trade / Trades / Traded,no,no,1,11438
"Jan 24, 2026",,,Triple Double,yes,no,99,18438
"Jan 24, 2026",,,Xfinity,no,yes,1,12225
"Jan 24, 2026",,,Airball / Air Ball,no,no,1,16223
"Jan 24, 2026",,,All-Star,yes,no,99,4397
"Jan 24, 2026",,,Alley-oop,yes,no,99,28682
"Jan 24, 2026",,,American Airlines,yes,yes,99,17044
"Jan 24, 2026",,,Ankle,yes,no,99,6848
"Jan 24, 2026",,,Buzzer,yes,no,99,16592
"Jan 24, 2026",,,Elbow,yes,no,99,31478
"Jan 24, 2026",,,Injury / Injured,yes,no,99,19331
"Jan 24, 2026",,,Jordan,no,no,1,10697
"Jan 24, 2026",,,MVP,yes,no,99,9828
"Jan 24, 2026",,,Playoff,yes,no,99,3530
"Jan 24, 2026",,,Retire / Retired / Retirement,no,no,1,26350
"Jan 24, 2026",,,Tech / Technical,no,no,7,44814
"Jan 24, 2026",,,Trade / Trades / Traded,yes,no,99,14304
"Jan 24, 2026",,,Triple Double,yes,no,99,16915
"Jan 24, 2026",,,Airball / Air Ball,yes,no,29,6511
"Jan 24, 2026",,,All-Star,no,no,72,19522
"Jan 24, 2026",,,Alley-oop,no,no,69,15689
"Jan 24, 2026",,,Ankle,yes,no,54,4318
"Jan 24, 2026",,,Buzzer,yes,no,20,4756
"Jan 24, 2026",,,Elbow,yes,no,99,23570
"Jan 24, 2026",,,Injury / Injured,yes,no,89,37662
"Jan 24, 2026",,,Jordan,yes,no,36,2079
"Jan 24, 2026",,,MVP,yes,no,37,2922
"Jan 24, 2026",,,Playoff,yes,no,62,5296
"Jan 24, 2026",,,Retire / Retired / Retirement,yes,no,15,4205
"Jan 24, 2026",,,Target,yes,yes,79,11185
"Jan 24, 2026",,,Tech / Technical,yes,no,63,9419
"Jan 24, 2026",,,Trade / Trades / Traded,no,no,68,4814
"Jan 24, 2026",,,Triple Double,no,no,26,2500
"Jan 23, 2026",,,Airball / Air Ball,no,no,1,11045
"Jan 23, 2026",,,All-Star,yes,no,99,7397
"Jan 23, 2026",,,Alley-oop,no,no,1,27089
"Jan 23, 2026",,,Ankle,yes,no,99,4952
"Jan 23, 2026",,,Buzzer,no,no,1,49657
"Jan 23, 2026",,,Elbow,yes,no,99,15437
"Jan 23, 2026",,,Injury / Injured,yes,no,99,7608
"Jan 23, 2026",,,Jordan,yes,no,99,17806
"Jan 23, 2026",,,Little Caesars,yes,yes,99,23323
"Jan 23, 2026",,,MVP,yes,no,99,6545
"Jan 23, 2026",,,Playoff,yes,no,99,7604
"Jan 23, 2026",,,Retire / Retired / Retirement,no,no,1,10469
"Jan 23, 2026",,,Tech / Technical,yes,no,99,10611
"Jan 23, 2026",,,Trade / Trades / Traded,yes,no,99,21041
"Jan 23, 2026",,,Triple Double,no,no,1,9060
"Jan 23, 2026",,,Airball / Air Ball,yes,no,99,8279
"Jan 23, 2026",,,All-Star,yes,no,99,6736
"Jan 23, 2026",,,Alley-oop,no,no,1,52536
"Jan 23, 2026",,,Ankle,yes,no,99,8805
"Jan 23, 2026",,,Buzzer,yes,no,99,21411
"Jan 23, 2026",,,Elbow,yes,no,99,22447
"Jan 23, 2026",,,Fiserv,yes,yes,99,14321
"Jan 23, 2026",,,Injury / Injured,yes,no,99,5576
"Jan 23, 2026",,,Jordan,no,no,1,21759
"Jan 23, 2026",,,MVP,yes,no,99,5889
"Jan 23, 2026",,,Playoff,yes,no,99,4345
"Jan 23, 2026",,,Retire / Retired / Retirement,no,no,1,42407
"Jan 23, 2026",,,Tech / Technical,yes,no,99,9671
"Jan 23, 2026",,,Trade / Trades / Traded,yes,no,99,18162
"Jan 23, 2026",,,Triple Double,no,no,1,33561
"Jan 22, 2026",,,Airball / Air Ball,no,no,1,21107
"Jan 22, 2026",,,All-Star,yes,no,99,10379
"Jan 22, 2026",,,Alley-oop,yes,no,99,19211
"Jan 22, 2026",,,Ankle,yes,no,99,8970
"Jan 22, 2026",,,Buzzer,no,no,1,70652
"Jan 22, 2026",,,Elbow,yes,no,99,27480
"Jan 22, 2026",,,Injury / Injured,yes,no,99,15128
"Jan 22, 2026",,,Intuit,no,yes,2,40821
"Jan 22, 2026",,,Jordan,yes,no,99,28977
"Jan 22, 2026",,,MVP,no,no,1,18487
"Jan 22, 2026",,,Playoff,yes,no,99,7195
"Jan 22, 2026",,,Retire / Retired / Retirement,no,no,1,16713
"Jan 22, 2026",,,Tech / Technical,no,no,1,17244
"Jan 22, 2026",,,Trade / Trades / Traded,yes,no,99,7091
"Jan 22, 2026",,,Triple Double,yes,no,99,13941
"Jan 22, 2026",,,Airball / Air Ball,yes,no,99,16680
"Jan 22, 2026",,,All-Star,yes,no,99,5059
"Jan 22, 2026",,,Alley-oop,no,no,1,11240
"Jan 22, 2026",,,American Airlines,yes,yes,99,18946
"Jan 22, 2026",,,Ankle,yes,no,99,5694
"Jan 22, 2026",,,Buzzer,no,no,1,98223
"Jan 22, 2026",,,Elbow,no,no,1,19464
"Jan 22, 2026",,,Injury / Injured,yes,no,99,18315
"Jan 22, 2026",,,Jordan,no,no,1,3601
"Jan 22, 2026",,,MVP,no,no,1,10403
"Jan 22, 2026",,,Playoff,yes,no,99,4418
"Jan 22, 2026",,,Retire / Retired / Retirement,no,no,1,10448
"Jan 22, 2026",,,Tech / Technical,yes,no,99,5511
"Jan 22, 2026",,,Trade / Trades / Traded,yes,no,99,8271
"Jan 22, 2026",,,Triple Double,no,no,1,6709
"Jan 21, 2026",,,Airball / Air Ball,yes,no,99,15371
"Jan 21, 2026",,,All-Star,yes,no,99,6567
"Jan 21, 2026",,,Alley-oop,yes,no,99,12789
"Jan 21, 2026",,,Ankle,yes,no,99,5479
"Jan 21, 2026",,,Buzzer,no,no,2,54174
"Jan 21, 2026",,,Elbow,no,no,2,27296
"Jan 21, 2026",,,Fiserv,yes,yes,99,9668
"Jan 21, 2026",,,Injury / Injured,yes,no,99,7196
"Jan 21, 2026",,,Jordan,yes,no,99,13500
"Jan 21, 2026",,,MVP,yes,no,99,11864
"Jan 21, 2026",,,Playoff,yes,no,99,3405
"Jan 21, 2026",,,Retire / Retired / Retirement,no,no,2,19824
"Jan 21, 2026",,,Tech / Technical,yes,no,99,6046
"Jan 21, 2026",,,Trade / Trades / Traded,yes,no,99,6121
"Jan 21, 2026",,,Triple Double,yes,no,99,7414
"Jan 21, 2026",,,Airball / Air Ball,yes,no,99,14305
"Jan 21, 2026",,,All-Star,no,no,1,30147
"Jan 21, 2026",,,Alley-oop,yes,no,99,12850
"Jan 21, 2026",,,Ankle,no,no,1,15568
"Jan 21, 2026",,,Buzzer,yes,no,99,17909
"Jan 21, 2026",,,Elbow,yes,no,99,8259
"Jan 21, 2026",,,Injury / Injured,yes,no,99,8065
"Jan 21, 2026",,,Jordan,no,no,1,5886
"Jan 21, 2026",,,MVP,yes,no,99,5154
"Jan 21, 2026",,,Playoff,yes,no,99,5483
"Jan 21, 2026",,,Retire / Retired / Retirement,yes,no,99,14512
"Jan 21, 2026",,,Spectrum,no,yes,1,25308
"Jan 21, 2026",,,Tech / Technical,yes,no,99,5516
"Jan 21, 2026",,,Trade / Trades / Traded,no,no,1,7858
"Jan 21, 2026",,,Triple Double,no,no,1,5010
"Jan 20, 2026",,,Airball / Air Ball,no,no,1,13388
"Jan 20, 2026",,,All-Star,yes,no,99,7820
"Jan 20, 2026",,,Alley-oop,yes,no,99,11167
"Jan 20, 2026",,,Ankle,yes,no,99,4951
"Jan 20, 2026",,,Buzzer,no,no,1,17187
"Jan 20, 2026",,,Elbow,yes,no,99,6091
"Jan 20, 2026",,,Injury / Injured,yes,no,99,11715
"Jan 20, 2026",,,Jordan,no,no,1,6339
"Jan 20, 2026",,,MVP,no,no,1,11694
"Jan 20, 2026",,,Playoff,yes,no,99,5305
"Jan 20, 2026",,,Retire / Retired / Retirement,no,no,1,8512
"Jan 20, 2026",,,Tech / Technical,no,no,1,10593
"Jan 20, 2026",,,Toyota,yes,yes,99,10871
"Jan 20, 2026",,,Trade / Trades / Traded,no,no,1,8230
"Jan 20, 2026",,,Triple Double,yes,no,99,10637
"Jan 20, 2026",,,Airball / Air Ball,yes,no,99,8935
"Jan 20, 2026",,,All-Star,yes,no,99,12478
"Jan 20, 2026",,,Alley-oop,no,no,1,4601
"Jan 20, 2026",,,Ankle,no,no,1,4129
"Jan 20, 2026",,,Ball Arena,yes,yes,99,7304
"Jan 20, 2026",,,Buzzer,no,no,1,11525
"Jan 20, 2026",,,Elbow,yes,no,99,8816
"Jan 20, 2026",,,Injury / Injured,yes,no,99,7659
"Jan 20, 2026",,,Jordan,no,no,1,4173
"Jan 20, 2026",,,MVP,yes,no,99,2932
"Jan 20, 2026",,,Playoff,yes,no,99,3653
"Jan 20, 2026",,,Retire / Retired / Retirement,no,no,1,5057
"Jan 20, 2026",,,Tech / Technical,yes,no,99,6722
"Jan 20, 2026",,,Trade / Trades / Traded,no,no,1,4060
"Jan 20, 2026",,,Triple Double,yes,no,99,8847
"Jan 19, 2026",,,Airball / Air Ball,no,no,1,20967
"Jan 19, 2026",,,All-Star,yes,no,99,4878
"Jan 19, 2026",,,Alley-oop,yes,no,99,3222
"Jan 19, 2026",,,Ankle,no,no,1,11405
"Jan 19, 2026",,,Buzzer,no,no,2,94546
"Jan 19, 2026",,,Elbow,yes,no,99,1219
"Jan 19, 2026",,,Injury / Injured,yes,no,99,2915
"Jan 19, 2026",,,Jordan,yes,no,99,12760
"Jan 19, 2026",,,MVP,yes,no,99,2621
"Jan 19, 2026",,,Playoff,yes,no,99,3633
"Jan 19, 2026",,,Retire / Retired / Retirement,no,no,1,10282
"Jan 19, 2026",,,Rocket,yes,yes,99,5063
"Jan 19, 2026",,,Tech / Technical,yes,no,99,2482
"Jan 19, 2026",,,Trade / Trades / Traded,yes,no,99,2146
"Jan 19, 2026",,,Triple Double,no,no,1,33763
"Jan 19, 2026",,,Airball / Air Ball,no,no,1,4233
"Jan 19, 2026",,,All-Star,yes,no,99,3495
"Jan 19, 2026",,,Alley-oop,yes,no,99,6714
"Jan 19, 2026",,,Ankle,no,no,1,5431
"Jan 19, 2026",,,Buzzer,yes,no,99,30909
"Jan 19, 2026",,,Elbow,yes,no,99,7071
"Jan 19, 2026",,,Injury / Injured,yes,no,99,7934
"Jan 19, 2026",,,Jordan,no,no,1,623
"Jan 19, 2026",,,MVP,no,no,1,6436
"Jan 19, 2026",,,Playoff,no,no,1,7195
"Jan 19, 2026",,,Retire / Retired / Retirement,no,no,1,1908
"Jan 19, 2026",,,State Farm,yes,yes,99,4293
"Jan 19, 2026",,,Tech / Technical,yes,no,99,6565
"Jan 19, 2026",,,Trade / Trades / Traded,yes,no,99,10677
"Jan 19, 2026",,,Triple Double,yes,no,99,7327
"Jan 19, 2026",,,Airball / Air Ball,no,no,1,2584
"Jan 19, 2026",,,All-Star,yes,no,99,5747
"Jan 19, 2026",,,Alley-oop,no,no,1,5737
"Jan 19, 2026",,,Ankle,yes,no,99,2510
"Jan 19, 2026",,,Buzzer,no,no,1,14319
"Jan 19, 2026",,,Elbow,yes,no,99,4571
"Jan 19, 2026",,,Injury / Injured,yes,no,99,7419
"Jan 19, 2026",,,Jordan,yes,no,99,9870
"Jan 19, 2026",,,MSG / Madison Square Garden,yes,yes,99,3610
"Jan 19, 2026",,,MVP,yes,no,99,3235
"Jan 19, 2026",,,Playoff,yes,no,99,4725
"Jan 19, 2026",,,Retire / Retired / Retirement,no,no,1,3932
"Jan 19, 2026",,,Tech / Technical,yes,no,99,4190
"Jan 19, 2026",,,Trade / Trades / Traded,yes,no,99,3595
"Jan 19, 2026",,,Triple Double,no,no,1,8884
"Jan 19, 2026",,,Airball / Air Ball,no,no,2,16135
"Jan 19, 2026",,,All-Star,yes,no,99,4521
"Jan 19, 2026",,,Alley-oop,no,no,2,11986
"Jan 19, 2026",,,Ankle,yes,no,99,5158
"Jan 19, 2026",,,Buzzer,no,no,3,42164
"Jan 19, 2026",,,Elbow,yes,no,99,2846
"Jan 19, 2026",,,Injury / Injured,yes,no,99,5387
"Jan 19, 2026",,,Jordan,yes,no,99,8946
"Jan 19, 2026",,,Little Caesars,yes,yes,99,6171
"Jan 19, 2026",,,MVP,yes,no,99,4680
"Jan 19, 2026",,,Playoff,yes,no,99,3159
"Jan 19, 2026",,,Retire / Retired / Retirement,no,no,2,6648
"Jan 19, 2026",,,Tech / Technical,yes,no,99,5222
"Jan 19, 2026",,,Trade / Trades / Traded,no,no,2,14312
"Jan 19, 2026",,,Triple Double,no,no,1,4970
"Jan 18, 2026",,,Airball / Air Ball,no,no,1,6807
"Jan 18, 2026",,,All-Star,no,no,1,5556
"Jan 18, 2026",,,Alley-oop,no,no,1,11438
"Jan 18, 2026",,,Ankle,yes,no,99,3779
"Jan 18, 2026",,,Buzzer,no,no,1,21464
"Jan 18, 2026",,,Elbow,yes,no,99,6098
"Jan 18, 2026",,,FedExForum / FedEx,yes,yes,99,29839
"Jan 18, 2026",,,Injury / Injured,yes,no,99,9259
"Jan 18, 2026",,,Jordan,yes,no,99,9692
"Jan 18, 2026",,,MVP,yes,no,99,6124
"Jan 18, 2026",,,Playoff,no,no,1,8952
"Jan 18, 2026",,,Retire / Retired / Retirement,no,no,1,9550
"Jan 18, 2026",,,Tech / Technical,yes,no,97,3607
"Jan 18, 2026",,,Trade / Trades / Traded,yes,no,99,5070
"Jan 18, 2026",,,Triple Double,no,no,1,2937
"Jan 17, 2026",,,Airball / Air Ball,yes,no,99,3944
"Jan 17, 2026",,,All-Star,yes,no,96,3403
"Jan 17, 2026",,,Alley-oop,yes,no,99,6365
"Jan 17, 2026",,,Ankle,yes,no,99,3529
"Jan 17, 2026",,,Buzzer,no,no,1,20677
"Jan 17, 2026",,,Elbow,yes,no,99,8078
"Jan 17, 2026",,,Injury / Injured,yes,no,99,3071
"Jan 17, 2026",,,Jordan,yes,no,99,10974
"Jan 17, 2026",,,MSG / Madison Square Garden,no,yes,4,11141
"Jan 17, 2026",,,MVP,yes,no,99,3948
"Jan 17, 2026",,,Playoff,yes,no,99,2315
"Jan 17, 2026",,,Retire / Retired / Retirement,yes,no,99,10222
"Jan 17, 2026",,,Tech / Technical,yes,no,99,5885
"Jan 17, 2026",,,Trade / Trades / Traded,yes,no,99,2595
"Jan 17, 2026",,,Triple Double,no,no,1,3764
"Jan 17, 2026",,,Airball / Air Ball,yes,no,98,6031
"Jan 17, 2026",,,All-Star,no,no,1,1505
"Jan 17, 2026",,,Alley-oop,no,no,1,3822
"Jan 17, 2026",,,Ankle,no,no,2,1833
"Jan 17, 2026",,,Buzzer,no,no,8,10505
"Jan 17, 2026",,,Elbow,yes,no,99,6279
"Jan 17, 2026",,,Injury / Injured,yes,no,99,5966
"Jan 17, 2026",,,Jordan,no,no,10,18640
"Jan 17, 2026",,,MVP,yes,no,99,5492
"Jan 17, 2026",,,Moda,yes,yes,99,12450
"Jan 17, 2026",,,Playoff,yes,no,99,3275
"Jan 17, 2026",,,Retire / Retired / Retirement,no,no,3,15841
"Jan 17, 2026",,,Rip City,yes,yes,98,8904
"Jan 17, 2026",,,Tech / Technical,yes,no,99,4654
"Jan 17, 2026",,,Trade / Trades / Traded,no,no,6,3536
"Jan 17, 2026",,,Triple Double,no,no,2,4146
"Jan 16, 2026",,,Airball / Air Ball,yes,no,99,15275
"Jan 16, 2026",,,All-Star,yes,no,99,6701
"Jan 16, 2026",,,Alley-oop,no,no,1,9514
"Jan 16, 2026",,,Ankle,no,no,1,10012
"Jan 16, 2026",,,Buzzer,no,no,1,26228
"Jan 16, 2026",,,Elbow,yes,no,99,7678
"Jan 16, 2026",,,Injury / Injured,yes,no,99,15958
"Jan 16, 2026",,,Jordan,yes,no,99,10689
"Jan 16, 2026",,,MVP,yes,no,99,12234
"Jan 16, 2026",,,Playoff,yes,no,99,6219
"Jan 16, 2026",,,Retire / Retirement,no,no,1,25679
"Jan 16, 2026",,,Tech / Technical,yes,no,99,8981
"Jan 16, 2026",,,Toyota,yes,yes,99,8401
"Jan 16, 2026",,,Trade / Trades / Traded,yes,no,99,12346
"Jan 16, 2026",,,Triple Double,no,no,1,6306
"Jan 16, 2026",,,Airball / Air Ball,yes,no,99,11974
"Jan 16, 2026",,,All-Star,yes,no,99,7591
"Jan 16, 2026",,,Alley-oop,no,no,2,21658
"Jan 16, 2026",,,Ankle,no,no,1,17409
"Jan 16, 2026",,,Buzzer,no,no,2,90604
"Jan 16, 2026",,,Elbow,yes,no,99,7601
"Jan 16, 2026",,,Injury / Injured,yes,no,99,16715
"Jan 16, 2026",,,Jordan,yes,no,99,36876
"Jan 16, 2026",,,MVP,yes,no,99,17294
"Jan 16, 2026",,,Playoff,yes,no,99,8338
"Jan 16, 2026",,,Retire / Retirement,no,no,1,41883
"Jan 16, 2026",,,Tech / Technical,no,no,2,51818
"Jan 16, 2026",,,Trade / Trades / Traded,yes,no,99,5606
"Jan 16, 2026",,,Triple Double,no,no,1,22749
"Jan 16, 2026",,,Xfinity,yes,yes,98,25351
"Jan 15, 2026",,,Airball / Air Ball,no,no,1,16607
"Jan 15, 2026",,,All-Star,yes,no,99,8225
"Jan 15, 2026",,,Alley-oop,no,no,1,33151
"Jan 15, 2026",,,Ankle,yes,no,99,13327
"Jan 15, 2026",,,Buzzer,yes,no,99,38133
"Jan 15, 2026",,,Elbow,yes,no,99,4761
"Jan 15, 2026",,,Injury / Injured,yes,no,99,13441
"Jan 15, 2026",,,Jordan,no,no,1,12111
"Jan 15, 2026",,,MVP,yes,no,99,7928
"Jan 15, 2026",,,Playoff,yes,no,99,5710
"Jan 15, 2026",,,Retire / Retirement,no,no,1,30521
"Jan 15, 2026",,,Tech / Technical,yes,no,99,5037
"Jan 15, 2026",,,Toyota,no,yes,1,50410
"Jan 15, 2026",,,Trade / Trades / Traded,yes,no,99,4957
"Jan 15, 2026",,,Triple Double,yes,no,99,3515
"Jan 15, 2026",,,Airball / Air Ball,no,no,1,7584
"Jan 15, 2026",,,All-Star,no,no,1,24776
"Jan 15, 2026",,,Alley-oop,no,no,1,10658
"Jan 15, 2026",,,Ankle,yes,no,99,9305
"Jan 15, 2026",,,Buzzer,no,no,1,33083
"Jan 15, 2026",,,Chase,yes,yes,99,13825
"Jan 15, 2026",,,Elbow,yes,no,99,13405
"Jan 15, 2026",,,Injury / Injured,yes,no,99,7169
"Jan 15, 2026",,,Jordan,yes,no,99,39419
"Jan 15, 2026",,,MVP,no,no,1,8136
"Jan 15, 2026",,,Playoff,no,no,1,13969
"Jan 15, 2026",,,Retire / Retirement,no,no,1,9745
"Jan 15, 2026",,,Tech / Technical,yes,no,99,8849
"Jan 15, 2026",,,Trade / Trades / Traded,yes,no,99,7828
"Jan 15, 2026",,,Triple Double,no,no,1,4039
"Jan 15, 2026",,,Airball / Air Ball,yes,no,99,5195
"Jan 15, 2026",,,All-Star,no,no,1,5898
"Jan 15, 2026",,,Alley-oop,no,no,1,7486
"Jan 15, 2026",,,Ankle,yes,no,99,6271
"Jan 15, 2026",,,Buzzer,no,no,2,26779
"Jan 15, 2026",,,Elbow,yes,no,99,5505
"Jan 15, 2026",,,Injury / Injured,yes,no,99,7000
"Jan 15, 2026",,,Jordan,no,no,1,2345
"Jan 15, 2026",,,Kia,no,yes,2,29223
"Jan 15, 2026",,,MVP,yes,no,99,4225
"Jan 15, 2026",,,Playoff,yes,no,99,2813
"Jan 15, 2026",,,Retire / Retirement,no,no,1,5913
"Jan 15, 2026",,,Tech / Technical,no,no,1,12422
"Jan 15, 2026",,,Trade / Trades / Traded,yes,no,99,4833
"Jan 15, 2026",,,Triple Double,no,no,1,4189
"Jan 14, 2026",,,Airball / Air Ball,yes,no,99,11225
"Jan 14, 2026",,,All-Star,yes,no,99,9064
"Jan 14, 2026",,,Alley-oop,no,no,1,18173
"Jan 14, 2026",,,American Airlines,no,yes,1,31349
"Jan 14, 2026",,,Ankle,yes,no,99,11595
"Jan 14, 2026",,,Buzzer,yes,no,99,26840
"Jan 14, 2026",,,Elbow,yes,no,99,14676
"Jan 14, 2026",,,Injury / Injured,yes,no,99,24848
"Jan 14, 2026",,,Jordan,yes,no,99,33680
"Jan 14, 2026",,,MVP,yes,no,99,9141
"Jan 14, 2026",,,Playoff,yes,no,99,6352
"Jan 14, 2026",,,Retire / Retirement,no,no,1,26313
"Jan 14, 2026",,,Tech / Technical,yes,no,99,15180
"Jan 14, 2026",,,Trade / Trades / Traded,yes,no,99,8102
"Jan 14, 2026",,,Triple Double,no,no,1,16105
"Jan 14, 2026",,,Airball / Air Ball,no,no,1,8093
"Jan 14, 2026",,,All-Star,yes,no,99,12673
"Jan 14, 2026",,,Alley-oop,no,no,1,15377
"Jan 14, 2026",,,Ankle,no,no,1,17447
"Jan 14, 2026",,,Buzzer,yes,no,99,22597
"Jan 14, 2026",,,Elbow,yes,no,99,10053
"Jan 14, 2026",,,Injury / Injured,yes,no,99,22902
"Jan 14, 2026",,,Jordan,no,no,1,5648
"Jan 14, 2026",,,MVP,yes,no,99,12180
"Jan 14, 2026",,,Playoff,yes,no,99,9078
"Jan 14, 2026",,,Retire / Retirement,no,no,1,23455
"Jan 14, 2026",,,Tech / Technical,no,no,1,22067
"Jan 14, 2026",,,Trade / Trades / Traded,yes,no,99,6794
"Jan 14, 2026",,,Triple Double,no,no,1,6259
"Jan 14, 2026",,,Xfinity,no,yes,1,17572
"Jan 13, 2026",,,Airball / Air Ball,no,no,1,6249
"Jan 13, 2026",,,All-Star,yes,no,99,7436
"Jan 13, 2026",,,Alley-oop,no,no,1,18562
"Jan 13, 2026",,,Ankle,yes,no,99,5132
"Jan 13, 2026",,,Buzzer,no,no,1,67928
"Jan 13, 2026",,,Elbow,yes,no,99,8546
"Jan 13, 2026",,,Injury / Injured,yes,no,99,20881
"Jan 13, 2026",,,Jordan,yes,no,99,19371
"Jan 13, 2026",,,MVP,yes,no,99,8121
"Jan 13, 2026",,,Paycom,yes,yes,99,15073
"Jan 13, 2026",,,Playoff,yes,no,99,7433
"Jan 13, 2026",,,Retire / Retirement,no,no,1,24464
"Jan 13, 2026",,,Tech / Technical,yes,no,99,8026
"Jan 13, 2026",,,Trade / Trades / Traded,no,no,1,21490
"Jan 13, 2026",,,Triple Double,yes,no,99,22655
"Jan 13, 2026",,,Airball / Air Ball,yes,no,99,18667
"Jan 13, 2026",,,All-Star,yes,no,99,10674
"Jan 13, 2026",,,Alley-oop,yes,no,98,27253
"Jan 13, 2026",,,Ankle,no,no,1,7240
"Jan 13, 2026",,,Buzzer,yes,no,99,20335
"Jan 13, 2026",,,Chase,yes,yes,99,17822
"Jan 13, 2026",,,Elbow,yes,no,99,41030
"Jan 13, 2026",,,Injury / Injured,yes,no,99,12971
"Jan 13, 2026",,,Jordan,no,no,1,3777
"Jan 13, 2026",,,MVP,no,no,1,14109
"Jan 13, 2026",,,Playoff,yes,no,99,7792
"Jan 13, 2026",,,Retire / Retirement,no,no,1,16354
"Jan 13, 2026",,,Tech / Technical,no,no,1,27322
"Jan 13, 2026",,,Trade / Trades / Traded,yes,no,99,6443
"Jan 13, 2026",,,Triple Double,yes,no,99,33688
"Jan 12, 2026",,,Airball / Air Ball,no,no,1,5921
"Jan 12, 2026",,,All-Star,yes,no,99,3587
"Jan 12, 2026",,,Alley-oop,no,no,1,16573
"Jan 12, 2026",,,Ankle,no,no,1,3728
"Jan 12, 2026",,,Buzzer,no,no,1,18343
"Jan 12, 2026",,,Elbow,yes,no,99,7517
"Jan 12, 2026",,,Gainbridge,yes,yes,99,4757
"Jan 12, 2026",,,Injury / Injured,no,no,1,28326
"Jan 12, 2026",,,Jordan,yes,no,99,17376
"Jan 12, 2026",,,MVP,no,no,1,15069
"Jan 12, 2026",,,Playoff,no,no,1,8254
"Jan 12, 2026",,,Retire / Retirement,no,no,1,11543
"Jan 12, 2026",,,Tech / Technical,no,no,2,9342
"Jan 12, 2026",,,Trade / Trades / Traded,no,no,1,5597
"Jan 12, 2026",,,Triple Double,no,no,1,4129
"Jan 10, 2026",,,Airball / Air Ball,no,no,1,3876
"Jan 10, 2026",,,All-Star,yes,no,99,3379
"Jan 10, 2026",,,Alley-oop,no,no,1,1791
"Jan 10, 2026",,,Ankle,no,no,1,1488
"Jan 10, 2026",,,Buzzer,no,no,1,16952
"Jan 10, 2026",,,Elbow,no,no,1,1093
"Jan 10, 2026",,,Injury / Injured,yes,no,99,5670
"Jan 10, 2026",,,Jordan,yes,no,99,21700
"Jan 10, 2026",,,MVP,no,no,1,3478
"Jan 10, 2026",,,Playoff,yes,no,99,4411
"Jan 10, 2026",,,Retire / Retirement,no,no,1,6987
"Jan 10, 2026",,,Rocket,no,yes,1,5320
"Jan 10, 2026",,,Tech / Technical,yes,no,99,3478
"Jan 10, 2026",,,Trade / Trades / Traded,yes,no,99,2838
"Jan 10, 2026",,,Triple Double,no,no,1,2949
"Jan 9, 2026",,,Airball / Air Ball,yes,no,99,11508
"Jan 9, 2026",,,All-Star,no,no,1,10727
"Jan 9, 2026",,,Alley-oop,no,no,1,4757
"Jan 9, 2026",,,Ankle,yes,no,99,19484
"Jan 9, 2026",,,Buzzer,no,no,3,16426
"Jan 9, 2026",,,Elbow,yes,no,99,7302
"Jan 9, 2026",,,FedExForum / FedEx,yes,yes,99,9848
"Jan 9, 2026",,,Injury / Injured,yes,no,99,19640
"Jan 9, 2026",,,Jordan,no,no,1,1280
"Jan 9, 2026",,,MVP,no,no,2,2978
"Jan 9, 2026",,,Playoff,yes,no,99,2373
"Jan 9, 2026",,,Retire / Retirement,no,no,1,9259
"Jan 9, 2026",,,Tech / Technical,no,no,4,5381
"Jan 9, 2026",,,Trade / Trades / Traded,no,no,2,6855
"Jan 9, 2026",,,Triple Double,no,no,1,4957
"Jan 9, 2026",,,Airball / Air Ball,yes,no,99,5483
"Jan 9, 2026",,,All-Star,yes,no,99,6502
"Jan 9, 2026",,,Alley-oop,yes,no,99,28781
"Jan 9, 2026",,,Ankle,yes,no,98,12534
"Jan 9, 2026",,,Buzzer,yes,no,99,9780
"Jan 9, 2026",,,Crypto / Crypto.com,yes,yes,99,7590
"Jan 9, 2026",,,Elbow,no,no,2,5538
"Jan 9, 2026",,,Injury / Injured,yes,no,99,15769
"Jan 9, 2026",,,Jordan,no,no,2,3314
"Jan 9, 2026",,,King James,no,no,2,13786
"Jan 9, 2026",,,MVP,no,no,2,13177
"Jan 9, 2026",,,Playoff,yes,no,99,4743
"Jan 9, 2026",,,Retire / Retirement,no,no,2,21005
"Jan 9, 2026",,,Tech / Technical,yes,no,98,5733
"Jan 9, 2026",,,Trade / Trades / Traded,yes,no,99,5683
"Jan 9, 2026",,,Triple Double,yes,no,99,7752
"Jan 8, 2026",,,Airball / Air Ball,no,no,2,20498
"Jan 8, 2026",,,All-Star,no,no,1,62578
"Jan 8, 2026",,,Alley-oop,no,no,2,44906
"Jan 8, 2026",,,Ankle,no,no,2,13414
"Jan 8, 2026",,,Buzzer,no,no,1,76123
"Jan 8, 2026",,,Elbow,no,no,2,18858
"Jan 8, 2026",,,Injury / Injured,no,no,1,260419
"Jan 8, 2026",,,Jordan,no,no,1,18802
"Jan 8, 2026",,,MVP,no,no,1,22200
"Jan 8, 2026",,,Playoff,no,no,1,80920
"Jan 8, 2026",,,Retire / Retirement,no,no,2,24004
"Jan 8, 2026",,,Tech / Technical,no,no,2,43215
"Jan 8, 2026",,,Trade / Trades / Traded,no,no,1,62743
"Jan 8, 2026",,,Triple Double,no,no,1,21706
"Jan 8, 2026",,,United,no,yes,2,118652
"Jan 7, 2026",,,Airball / Air Ball,no,no,1,16974
"Jan 7, 2026",,,All-Star,yes,no,99,6935
"Jan 7, 2026",,,Alley-oop,yes,no,99,8314
"Jan 7, 2026",,,Ankle,yes,no,99,7199
"Jan 7, 2026",,,Buzzer,no,no,1,17788
"Jan 7, 2026",,,Elbow,no,no,1,4227
"Jan 7, 2026",,,Frost Bank,no,yes,1,8193
"Jan 7, 2026",,,Injury / Injured,yes,no,99,27094
"Jan 7, 2026",,,Jordan,no,no,1,4870
"Jan 7, 2026",,,MVP,yes,no,99,6098
"Jan 7, 2026",,,Playoff,yes,no,99,4677
"Jan 7, 2026",,,Retire / Retirement,no,no,1,14283
"Jan 7, 2026",,,Tech / Technical,yes,no,99,7463
"Jan 7, 2026",,,Trade / Trades / Traded,yes,no,99,8093
"Jan 7, 2026",,,Triple Double,yes,no,99,4870
"Jan 7, 2026",,,Airball / Air Ball,yes,no,99,5053
"Jan 7, 2026",,,All-Star,yes,no,99,4868
"Jan 7, 2026",,,Alley-oop,yes,no,99,12988
"Jan 7, 2026",,,Ankle,yes,no,99,3538
"Jan 7, 2026",,,Buzzer,no,no,1,14964
"Jan 7, 2026",,,Elbow,yes,no,99,4023
"Jan 7, 2026",,,Injury / Injured,yes,no,99,3450
"Jan 7, 2026",,,Jordan,yes,no,99,7863
"Jan 7, 2026",,,MVP,yes,no,99,5336
"Jan 7, 2026",,,Playoff,yes,no,99,4491
"Jan 7, 2026",,,Retire / Retirement,no,no,1,7331
"Jan 7, 2026",,,TD Garden,no,yes,1,10430
"Jan 7, 2026",,,Tech / Technical,no,no,1,3724
"Jan 7, 2026",,,Trade / Trades / Traded,no,no,1,7189
"Jan 7, 2026",,,Triple Double,yes,no,99,10167
"Jan 6, 2026",,,Airball / Air Ball,no,no,1,4585
"Jan 6, 2026",,,All-Star,yes,no,99,6296
"Jan 6, 2026",,,Alley-oop,no,no,1,6487
"Jan 6, 2026",,,Ankle,yes,no,99,4384
"Jan 6, 2026",,,Buzzer,no,no,1,11046
"Jan 6, 2026",,,Elbow / Elbows / Elbowed,yes,no,99,8169
"Jan 6, 2026",,,Injury / Injured,yes,no,99,9754
"Jan 6, 2026",,,Jordan,yes,no,99,4154
"Jan 6, 2026",,,MVP,yes,no,99,8032
"Jan 6, 2026",,,Playoff,yes,no,99,2723
"Jan 6, 2026",,,Retire / Retirement,no,no,1,7754
"Jan 6, 2026",,,Target,yes,yes,99,12626
"Jan 6, 2026",,,Tech / Technical,yes,no,99,4887
"Jan 6, 2026",,,Trade / Trades / Traded,yes,no,99,3999
"Jan 6, 2026",,,Triple Double,yes,no,99,9573
"Jan 6, 2026",,,Airball / Air Ball,no,no,1,18355
"Jan 6, 2026",,,All-Star,yes,no,99,5903
"Jan 6, 2026",,,Alley-oop,no,no,1,13836
"Jan 6, 2026",,,Ankle,yes,no,99,7324
"Jan 6, 2026",,,Buzzer,no,no,1,38723
"Jan 6, 2026",,,Elbow / Elbows / Elbowed,yes,no,99,5318
"Jan 6, 2026",,,Golden,yes,yes,99,7903
"Jan 6, 2026",,,Injury / Injured,yes,no,99,8331
"Jan 6, 2026",,,Jordan,yes,no,99,11832
"Jan 6, 2026",,,MVP,no,no,1,21137
"Jan 6, 2026",,,Playoff,no,no,1,16717
"Jan 6, 2026",,,Retire / Retirement,no,no,1,10351
"Jan 6, 2026",,,Tech / Technical,yes,no,99,6473
"Jan 6, 2026",,,Trade / Trades / Traded,no,no,1,11202
"Jan 6, 2026",,,Triple Double,yes,no,99,13347
"Jan 5, 2026",,,Airball / Air Ball,no,no,1,5457
"Jan 5, 2026",,,All-Star,yes,no,99,5588
"Jan 5, 2026",,,Alley-oop,yes,no,99,5598
"Jan 5, 2026",,,Ankle,yes,no,99,10891
"Jan 5, 2026",,,Buzzer,no,no,1,13105
"Jan 5, 2026",,,Injury / Injured,yes,no,99,12115
"Jan 5, 2026",,,Little Caesars,yes,yes,99,6132
"Jan 5, 2026",,,MVP,yes,no,99,7512
"Jan 5, 2026",,,Playoff,yes,no,99,3495
"Jan 5, 2026",,,Retire / Retirement,no,no,1,9496
"Jan 5, 2026",,,Tech / Technical,no,no,1,11632
"Jan 5, 2026",,,Trade / Trades / Traded,no,no,2,10847
"Jan 5, 2026",,,Triple Double,no,no,1,5810
"Jan 5, 2026",,,Airball / Air Ball,no,no,2,17162
"Jan 5, 2026",,,All-Star,yes,no,99,4204
"Jan 5, 2026",,,Alley-oop,no,no,1,10559
"Jan 5, 2026",,,Ankle,yes,no,99,6124
"Jan 5, 2026",,,Ballmer,yes,yes,99,7864
"Jan 5, 2026",,,Buzzer,no,no,2,12403
"Jan 5, 2026",,,Injury / Injured,yes,no,99,7838
"Jan 5, 2026",,,Intuit,yes,yes,99,4699
"Jan 5, 2026",,,Jordan,yes,no,99,6982
"Jan 5, 2026",,,Laker / Lakers,yes,no,99,6077
"Jan 5, 2026",,,Long Beach,yes,no,99,3869
"Jan 5, 2026",,,MVP,yes,no,99,6305
"Jan 5, 2026",,,Marijuana / Weed / Cannabis,no,no,1,8312
"Jan 5, 2026",,,Olympic / Olympics,yes,no,99,9914
"Jan 5, 2026",,,Playoff,yes,no,99,5668
"Jan 5, 2026",,,Retire / Retirement,no,no,1,14469
"Jan 5, 2026",,,Tech / Technical,yes,no,99,2701
"Jan 5, 2026",,,The Wall,yes,no,99,6643
"Jan 5, 2026",,,Trade / Trades / Traded,yes,no,99,4724
"Jan 5, 2026",,,Triple Double,no,no,1,9204
"Jan 5, 2026",,,Airball / Air Ball,yes,no,99,12679
"Jan 5, 2026",,,All-Star,yes,no,99,4874
"Jan 5, 2026",,,Alley-oop,no,no,1,6685
"Jan 5, 2026",,,Ankle,no,no,1,5543
"Jan 5, 2026",,,Buzzer,no,no,2,10768
"Jan 5, 2026",,,Injury / Injured,yes,no,99,7340
"Jan 5, 2026",,,MVP,yes,no,99,6330
"Jan 5, 2026",,,Playoff,no,no,1,8789
"Jan 5, 2026",,,Retire / Retirement,no,no,1,10339
"Jan 5, 2026",,,Tech / Technical,yes,no,99,5145
"Jan 5, 2026",,,Trade / Trades / Traded,yes,no,99,4290
"Jan 5, 2026",,,Triple Double,no,no,1,10469
"Jan 5, 2026",,,Xfinity,yes,yes,99,7881
"Jan 3, 2026",,,Airball / Air Ball,yes,no,99,3440
"Jan 3, 2026",,,All-Star,yes,no,99,1757
"Jan 3, 2026",,,Alley-oop,yes,no,99,2772
"Jan 3, 2026",,,Ankle,yes,no,99,1486
"Jan 3, 2026",,,Buzzer,yes,no,99,6637
"Jan 3, 2026",,,Injury / Injured,yes,no,99,3641
"Jan 3, 2026",,,MSG / Madison Square Garden,yes,yes,99,1764
"Jan 3, 2026",,,MVP,yes,no,99,4366
"Jan 3, 2026",,,Playoff,yes,no,99,1673
"Jan 3, 2026",,,Retire / Retirement,no,no,2,4102
"Jan 3, 2026",,,Tech / Technical,yes,no,99,2928
"Jan 3, 2026",,,Trade / Trades / Traded,no,no,2,5583
"Jan 3, 2026",,,Triple Double,no,no,2,2526
"Jan 3, 2026",,,Airball / Air Ball,no,no,3,2012
"Jan 3, 2026",,,All-Star,yes,no,99,1757
"Jan 3, 2026",,,Alley-oop,no,no,2,3048
"Jan 3, 2026",,,Ankle,yes,no,99,3356
"Jan 3, 2026",,,Buzzer,no,no,1,3314
"Jan 3, 2026",,,Injury / Injured,yes,no,99,3696
"Jan 3, 2026",,,Kaseya,yes,yes,99,1913
"Jan 3, 2026",,,MVP,no,no,48,637
"Jan 3, 2026",,,Playoff,yes,no,99,2605
"Jan 3, 2026",,,Retire / Retirement,yes,no,99,7031
"Jan 3, 2026",,,Tech / Technical,yes,no,99,2080
"Jan 3, 2026",,,Trade / Trades / Traded,yes,no,99,2801
"Jan 3, 2026",,,Triple Double,no,no,2,1525
"Jan 3, 2026",,,Airball / Air Ball,no,no,20,1044
"Jan 3, 2026",,,All-Star,yes,no,99,2592
"Jan 3, 2026",,,Alley-oop,no,no,2,4466
"Jan 3, 2026",,,Ankle,no,no,8,2063
"Jan 3, 2026",,,Buzzer,no,no,8,522
"Jan 3, 2026",,,Injury / Injured,yes,no,99,4564
"Jan 3, 2026",,,Intuit,yes,yes,99,5369
"Jan 3, 2026",,,MVP,yes,no,98,2628
"Jan 3, 2026",,,Playoff,yes,no,98,2350
"Jan 3, 2026",,,Retire / Retirement,no,no,20,1661
"Jan 3, 2026",,,Tech / Technical,no,no,12,576
"Jan 3, 2026",,,Trade / Trades / Traded,yes,no,98,4065
"Jan 3, 2026",,,Triple Double,no,no,1,1204
"Jan 2, 2026",,,Airball / Air Ball,no,no,1,6440
"Jan 2, 2026",,,All-Star,yes,no,99,5326
"Jan 2, 2026",,,Alley-oop,no,no,1,17938
"Jan 2, 2026",,,Ankle,yes,no,99,5381
"Jan 2, 2026",,,Buzzer Beater,no,no,1,9384
"Jan 2, 2026",,,Chase,yes,yes,99,29210
"Jan 2, 2026",,,Injury / Injured,yes,no,99,16677
"Jan 2, 2026",,,MVP,yes,no,99,5156
"Jan 2, 2026",,,Playoff,yes,no,99,2098
"Jan 2, 2026",,,Retire / Retirement,no,no,1,10084
"Jan 2, 2026",,,Tech / Technical,yes,no,99,4733
"Jan 2, 2026",,,Trade / Trades / Traded,yes,no,99,3636
"Jan 2, 2026",,,Triple Double,no,no,1,7743
"Jan 2, 2026",,,Airball / Air Ball,yes,no,99,21932
"Jan 2, 2026",,,All-Star,yes,no,99,6896
"Jan 2, 2026",,,Alley-oop,no,no,1,14379
"Jan 2, 2026",,,Ankle,no,no,1,12634
"Jan 2, 2026",,,Buzzer Beater,no,no,1,15203
"Jan 2, 2026",,,Injury / Injured,yes,no,99,17018
"Jan 2, 2026",,,MVP,no,no,1,15379
"Jan 2, 2026",,,Playoff,no,no,1,14578
"Jan 2, 2026",,,Retire / Retirement,no,no,1,11253
"Jan 2, 2026",,,Rocket,no,yes,1,13779
"Jan 2, 2026",,,Tech / Technical,yes,no,99,8955
"Jan 2, 2026",,,Trade / Trades / Traded,no,no,1,14597
"Jan 2, 2026",,,Triple Double,no,no,1,6370
"Jan 1, 2026",,,Airball / Air Ball,yes,no,99,7903
"Jan 1, 2026",,,All-Star,yes,no,99,3264
"Jan 1, 2026",,,Alley-oop,yes,no,99,4596
"Jan 1, 2026",,,American Airlines,yes,yes,99,9813
"Jan 1, 2026",,,Ankle,no,no,2,2022
"Jan 1, 2026",,,Buzzer Beater,no,no,1,16398
"Jan 1, 2026",,,Injury / Injured,yes,no,99,11358
"Jan 1, 2026",,,MVP,yes,no,99,4484
"Jan 1, 2026",,,Playoff,no,no,2,5500
"Jan 1, 2026",,,Retire / Retirement,no,no,1,3634
"Jan 1, 2026",,,Tech / Technical,no,no,1,5473
"Jan 1, 2026",,,Trade / Trades / Traded,no,no,3,4228
"Jan 1, 2026",,,Triple Double,yes,no,99,4012
"Feb 1, 2026",,,Airball / Air Ball,yes,no,99,8164
"Feb 1, 2026",,,All-Star,yes,no,99,3181
"Feb 1, 2026",,,Alley-oop,no,no,1,5269
"Feb 1, 2026",,,Ankle,yes,no,99,6991
"Feb 1, 2026",,,Ball Arena,yes,yes,99,7621
"Feb 1, 2026",,,Buzzer,yes,no,99,15482
"Feb 1, 2026",,,Elbow,yes,no,99,5004
"Feb 1, 2026",,,Injury / Injured,yes,no,99,8384
"Feb 1, 2026",,,Jordan,no,no,1,7099
"Feb 1, 2026",,,MVP,yes,no,99,4367
"Feb 1, 2026",,,Playoff,yes,no,99,3855
"Feb 1, 2026",,,Retire / Retired / Retirement,no,no,1,10533
"Feb 1, 2026",,,Tech / Technical,yes,no,99,6964
"Feb 1, 2026",,,Trade / Trades / Traded,yes,no,99,5527
"Feb 1, 2026",,,Triple Double,yes,no,99,8439
"Feb 1, 2026",,,Airball / Air Ball,no,no,2,37509
"Feb 1, 2026",,,All-Star,yes,no,99,4780
"Feb 1, 2026",,,Alley-oop,no,no,3,7603
"Feb 1, 2026",,,Ankle,yes,no,99,4089
"Feb 1, 2026",,,Buzzer,no,no,1,24517
"Feb 1, 2026",,,Elbow,yes,no,99,6319
"Feb 1, 2026",,,Injury / Injured,yes,no,99,23212
"Feb 1, 2026",,,Jordan,no,no,1,8051
"Feb 1, 2026",,,MSG / Madison Square Garden,yes,yes,99,8025
"Feb 1, 2026",,,MVP,yes,no,98,5980
"Feb 1, 2026",,,Playoff,yes,no,99,6831
"Feb 1, 2026",,,Retire / Retired / Retirement,no,no,1,15417
"Feb 1, 2026",,,Tech / Technical,no,no,1,5327
"Feb 1, 2026",,,Trade / Trades / Traded,yes,no,99,5726
"Feb 1, 2026",,,Triple Double,yes,no,99,11535
"Dec 31, 2025",,,Tower / Towers,no,no,11,27
"Dec 31, 2025",,,Alien,no,no,1,2074
"Dec 31, 2025",,,Jackal,yes,no,98,1331
"Dec 30, 2025",,,Tee Morant / Dad / Father,no,no,1,2297
